Country,Life Expectancy,Adult Mortality,Infant Deaths,Alcohol,Percentage Expenditure,Hepatitis B,Measles,BMI,Polio,Total Expenditure,Diphtheria,HIV/AIDS,GDP,Thinness 1-19 Years,Thinness 5-9 Years,Income Composition of Resources,Schooling,Under Five Deaths,Freedom on Happiness,GDP per Capita on Happiness,Generosity on Happiness,Government Corruption on Happiness,Happiness Rank,Happiness Score,Life Expectancy on Happiness,Social Support on Happiness,Region,Population,Area,gini,Real Growth Rating(%),Literacy Rate(%),Inflation(%),Unemployement(%),Developed,Developing,Happiness Status,Total Immunized Disease(%)
Afghanistan,58.19375,269.0625,55,0.014375,34.96011007,64.5625,759.875,15.51875,58.6875,8.2525,60.1875,0.1,340.0154255,13.05,12.63125,0.415375,8.2125,66,0.162878321,0.190891594,0.319458444,0.105259129,149.4,0.161505106,0.223231688,0.249241281,7,27657145,652230,27.8,3.1,28.1,6.8,35,0,1,3,61.14583333
Albania,75.15625,45.0625,0.6875,4.84875,193.2590907,98,53.375,49.06875,98.125,5.945625,98.0625,0.1,2119.726679,1.61875,1.7,0.709875,12.1375,0.9375,0.513670894,0.5017371,0.200324024,0.078275159,106.4,0.397872333,0.690355784,0.459203801,1,2886026,28748,34.5,0.7,98.7,1.7,16.9,0,1,1,98.0625
Algeria,73.61875,108.1875,20.3125,0.381875,236.1852407,78.75,351.9375,48.74375,91.75,4.60375,91.875,0.1,2847.853392,6.09375,5.975,0.694875,12.7125,23.5,0.246460168,0.541469678,0.082593224,0.264715664,66.2,0.586012611,0.58287198,0.653409667,4,40400000,2381741,35.3,3.1,79,3.9,10.3,0,1,0,87.45833333
Angola,49.0375,328.5625,55,5.3825,102.1002684,71.4375,661,18.01875,61.4375,3.961875,62.125,1.7,1975.143045,6.19375,6.66875,0.458375,8.0625,66,0.037890193,0.42676619,0.125608212,0.129677092,140,0.232318747,0.117355098,0.570783449,8,25868000,1246700,58.6,5.6,70.4,8.9,30,0,1,3,65
Argentina,75.15625,106,10.125,7.469375,683.1591514,79.375,2,54.98125,93.375,6.768125,92.375,0.1,6482.012774,1.075,0.95,0.794125,16.50625,11.375,0.665220775,0.593893239,0.11021853,0.116518957,31.2,0.742001571,0.666867149,0.809586514,3,43590400,2780400,44.5,3.5,97.9,20.8,7.5,0,1,0,88.375
Armenia,73.4,117.375,1,3.471875,131.0074188,87.5625,124.125,44.70625,91.8125,4.845,90.125,0.1,1999.986318,2.0375,2.1125,0.698375,11.7875,1,0.298382118,0.448550748,0.098312923,0.070241315,122.8,0.334948765,0.611613396,0.541893397,1,2994400,29743,30.9,3.6,99.4,2.2,,0,1,1,
Australia,81.8125,63.1875,1,9.52125,825.6872254,93.4375,103.9375,55.8625,89.4375,8.571875,89.625,0.1,8612.407433,0.66875,0.625,0.918125,19,1.375,0.835695409,0.7456225,0.496468419,0.569971093,10,0.902915677,0.801515652,0.857059848,0,24117360,7692024,30.5,2.5,99,2.4,5.7,1,0,2,90.83333333
Austria,81.48125,65.75,0,11.471875,849.8431239,81.0625,77.25,48.2875,86,4.708125,86.75,0.1,9382.853552,1.73125,1.9375,0.862375,15.3875,0,0.796863588,0.74747012,0.348895276,0.388215602,12,0.876477541,0.774478251,0.829661188,9,8725931,83871,26,0.4,98,2.1,4.9,1,0,2,84.60416667
Azerbaijan,70.73125,115.1875,6.0625,0.930625,131.1487469,52.4375,280.9375,43.84375,81.3125,5.611875,82.3125,0.1,3302.947807,2.9,2.94375,0.7026875,11.35,7.1875,0.525614872,0.573906375,0.058624656,0.318449569,84.6,0.49964539,0.543079014,0.627585189,1,9730500,86600,33.7,5.8,99.8,2.4,6,0,1,1,72.02083333
Bahrain,75.725,65.375,0,1.814375,469.504103,98.125,6.6875,51.65625,98,3.856875,98.0625,0.1,7179.178144,6.10625,5.95,0.8079375,14.1125,0,0.716966,0.743269167,0.242402719,0.381860147,42.4,0.67391646,0.635627175,0.75636502,4,1404900,765,36.7,3.6,99.7,2.2,,0,1,0,
Bangladesh,69.3,141.375,55,0.01,32.32097151,64,713.3125,12.875,90.1875,2.96375,92.75,0.1,443.561481,10.81875,11.09375,0.517875,8.69375,66,0.660590237,0.280097395,0.213535824,0.239980381,113.8,0.371788793,0.52002998,0.38828245,7,161006790,147570,32.1,5.8,57.7,7.6,5,0,1,1,82.3125
Belarus,69.90625,218.75,0.5625,11.899375,322.7000906,88.9375,24.8125,54.74375,92.5625,6.0925,95.1875,0.1,3811.525348,2.2125,2.3375,0.74325,14.75,0.875,0.416489023,0.579986858,0.143189427,0.296346804,68.2,0.572301009,0.612416173,0.813961705,1,9498700,207600,26.5,2.1,99.6,19,1,0,1,0,92.22916667
Belgium,80.68125,70.1875,0.25,10.353125,727.4685803,74.5,81.5625,50.89375,97.75,5.876875,97.3125,0.1,6724.682198,0.8625,0.85625,0.87775,16.7875,1,0.744146608,0.735205997,0.249238585,0.430948209,17.6,0.833018114,0.773768952,0.825725389,9,11319511,30528,33,0.1,99,1.3,8.8,1,0,2,89.85416667
Belize,69.26875,155.5,0,5.8625,365.8434898,94.75,0,37.675,95.5,5.011875,95.1875,0.43125,3933.012174,3.55625,3.4875,0.6939375,12.45625,0,0.760966562,0.461688911,0.262448872,0.177137016,50.33333333,0.642828984,0.403120586,0.581704744,3,370300,22966,53.1,2.5,76.9,1.3,15.5,0,1,0,95.14583333
Benin,57.56875,269.375,25,0.938125,43.99195642,56.625,496.5625,19.6125,73.1875,4.63375,73.625,1.51875,561.167968,8.25,8.1375,0.4380625,8.85,39.25,0.579263198,0.201385499,0.222020292,0.129310582,137.8,0.237982654,0.241246312,0.207098521,8,10653654,112622,38.6,5,42.4,2.4,30,0,1,3,67.8125
Bhutan,66.1625,230.25,0.6875,0.261875,134.76407,94.125,80.25,17.58125,92.0625,5.299375,93.875,0.35625,1353.986946,14.6,15,0.183875,10.225,0.9375,0.688491072,0.440197981,0.51868726,0.299842507,90.4,0.479078012,0.473013022,0.730953347,7,775620,38394,38.1,5.8,52.8,11,2.1,0,1,1,93.35416667
Bosnia and Herzegovina,75.96875,64.9375,0,4.130625,215.4574591,62.75,130.75,48.9625,83.6875,8.483125,84.0625,0.1,2245.026024,2.78125,2.75625,0.450375,12.53125,0,0.244188723,0.492682697,0.323321239,0.002996865,88.8,0.486367217,0.667249134,0.598803642,1,3531159,51209,36.2,0.4,99,0.7,10.2027027,0,1,1,76.83333333
Botswana,56.05,369.1875,2,4.37875,334.2669709,87.3125,121.4375,32.24375,96.1875,5.45375,95.8125,1.7,4498.285431,7.4375,7.8125,0.630375,12.1375,3.125,0.677634346,0.56318161,0.094313366,0.189528437,140.2,0.223995261,0.29658817,0.673607664,8,2141206,582000,61,3.9,85.1,6.1,17.8,0,1,3,93.10416667
Brazil,73.38125,150.6875,52.25,6.763125,388.1476635,96.1875,92.5625,47.0625,98.3125,7.805625,97.9375,0.1,5892.948047,3.05,3.0125,0.7101875,14.1625,61.125,0.611931974,0.552301472,0.161047583,0.218138016,23,0.781087476,0.596796206,0.804933821,3,206135893,8515767,54.7,2.7,88.6,6.5,6,0,1,2,97.47916667
Bulgaria,72.85,125.5,0.9375,10.186875,350.745204,94.5,118.375,54.5,94.25,7.07125,94,0.1,4938.981821,2.13125,2.15625,0.754625,13.725,1,0.408091635,0.580797385,0.120590066,0.014104304,113,0.379353821,0.645007481,0.790016966,1,7153784,110879,28.2,0.5,98.4,1.5,11.6,1,0,1,94.25
Burkina Faso,55.64375,252.5,44.75,3.976875,52.04558133,79.1875,520.4375,15.5,77.5,5.948125,80.5625,1.3,410.3720343,7.41875,6.98125,0.2296875,5.85,65.5,0.447513219,0.168198265,0.253882882,0.222854489,133.4,0.272025208,0.233841237,0.569184916,8,19034397,272967,39.8,6.5,28.7,2.1,77,0,1,1,79.08333333
Burundi,55.5375,291.5625,23.25,3.8475,15.33549777,90.75,242.1875,15.3125,86.625,6.93375,88.5625,1.4875,137.8153213,8.01875,8.0125,0.327875,7.575,35.5625,0.139944959,0.03338019,0.221842915,0.19385695,153.8,0.076044114,0.185458509,0.286384864,8,10114505,27834,33.3,4.5,67.2,9.3,30,0,1,3,88.64583333
Cambodia,64.34375,196.375,16.75,1.39375,33.79656098,52.75,473.375,15.3625,76.9375,5.669375,77.8125,0.93125,466.196878,10.14375,10.88125,0.4919375,9.875,20.5,0.88103752,0.293054883,0.401134181,0.126287239,128.6,0.297951141,0.448705242,0.532980333,6,15626444,181035,37.9,7,73.6,3.2,0,0,1,1,69.16666667
Cameroon,54.01875,294.875,52.6875,3.883125,44.46229994,77.5,569,23.61875,75.25,4.711875,75.0625,1.7,781.0160044,6.55,6.60625,0.47,8.90625,66,0.603822859,0.277509405,0.248015573,0.090749083,109.8,0.394562645,0.176492921,0.518261341,8,22709892,475442,38.9,4.6,75.9,2.6,30,0,1,1,75.9375
Canada,81.6875,64.625,2,7.550625,910.3176854,26.0625,129.5,55.8625,88,6.89875,91.0625,0.1,9354.791425,0.50625,0.4375,0.8921875,15.875,2,0.843859368,0.742011089,0.46487232,0.554159742,6.8,0.91757289,0.789270404,0.843924452,5,36155487,9984670,32.6,3.5,98,2.8,4.5,0,1,2,68.375
Central African Republic,48.5125,321.3125,16.5,1.155,40.90554311,42.25,393.75,17.0875,52,4.074375,53.0625,1.7,363.0559048,7.10625,7.0875,0.3355,6.2375,24.5,0.445314933,0.017172113,0.29001769,0.096236287,153.25,0.086928674,0.043988319,0,8,4998000,622984,56.3,14.5,56.6,7,8,0,1,3,49.10416667
Chad,50.3875,227.75,44.875,0.38625,32.2773205,23.4375,517.3125,16.31875,52,4.393125,53,1.7,484.7916941,7.14375,7.04375,0.316625,6.1,66,0.245420449,0.204203338,0.230443257,0.106463692,138.6,0.258156021,0.083168224,0.488960568,8,14497000,1284000,39.8,3.9,35.4,4.5,30,0,1,1,42.8125
Chile,79.45,63.625,2,6.5425,524.2382788,83.875,1.0625,55.5875,89,6.766875,91.5625,0.1,5268.137395,0.8875,0.9125,0.8013125,14.9,2.1875,0.548095381,0.627190744,0.324611081,0.160347876,24.4,0.767612288,0.740557354,0.731674569,3,18191900,756102,52.1,3.5,97.5,2.8,4.5,0,1,2,88.14583333
China,74.2625,73.75,55,3.92125,73.5837629,80.4375,831,21.80625,93.6875,4.898125,93.3125,0.1,2345.303158,4.6375,4.025,0.66025,11.4375,66,0.703833621,0.536367096,0.059003501,0.101847865,85,0.497635917,0.698616214,0.628758809,2,1377422166,9640011,47,3.6,99.7,2.2,,0,1,1,
Colombia,73.2875,124.25,13.875,4.14375,468.6426709,79,9.5,49.54375,86.9375,6.23125,84.75,0.1,3321.660748,2.3,2.075,0.681875,12.23125,16.375,0.679695419,0.530750843,0.164014996,0.081483844,36,0.718479108,0.588674483,0.792342206,3,48759958,1141748,55.9,3.5,94.2,2.8,4.5,0,1,0,83.5625
Comoros,61.58125,240.9375,1.6875,0.126875,47.73145762,67.375,57.5625,18.25625,76.1875,4.8175,75.5,0.28125,630.3843341,7.275,7.1625,0.324625,9.95625,2,0.241846225,0.140432695,0.251413409,0.278650505,140,0.24993432,0.341209465,0.436528792,8,806153,1862,64.3,3.5,75.5,6.1,30,0,1,3,73.02083333
Costa Rica,78.59375,69.375,1,3.68,657.9185493,79.3125,0.1875,46.725,80.8125,8.36875,85.25,0.1,3957.227286,1.9625,1.90625,0.7369375,12.8375,1,0.816613715,0.553599665,0.234373544,0.183148191,12.6,0.873364852,0.72940215,0.799976113,3,4890379,51100,50.7,3.5,96.3,5.6,7.9,0,1,2,81.79166667
Croatia,76.11875,89,0,11.65,717.4492899,95.6875,23.6875,52.35625,95.5,7.1975,95.375,0.1,7785.485958,1.74375,1.71875,0.7890625,13.8875,0,0.394937097,0.615960222,0.173202359,0.061032817,74,0.544838457,0.674071608,0.58385803,1,4190669,56594,33.7,1,98.9,2.2,21.6,1,0,0,95.52083333
Cyprus,79.675,54.125,0,9.62,620.4323971,92.625,1.9375,53.1625,98,6.625,98,0.1,7008.227136,0.90625,1,0.8330625,13.51875,0,0.520967276,0.681500428,0.297991006,0.08370132,62.2,0.598857354,0.800714233,0.625974851,9,847000,9251,31.81621622,8.7,98.7,0.2,17.4,1,0,0,96.20833333
Denmark,79.25625,66.0625,0,10.039375,882.7175786,99,15.75,55.825,90.6875,7.6125,90.75,0.1,8450.746733,1.1625,0.9375,0.899875,17.16875,0,0.86458473,0.746607987,0.380486277,0.777978318,2.2,0.956067763,0.758325245,0.880589002,9,5717014,43094,24,0.1,99,0.8,6,1,0,2,93.47916667
Djibouti,60.75625,274.6875,1.4375,0.716875,98.83844812,54.8125,113.875,26.25,75.4375,6.91625,75.5625,1.7,897.9998706,5.84375,5.7,0.4184375,5.38125,1.875,0.636381215,0.235331449,0.215887558,0.509231578,126,0.330181235,0.318063103,0.360139903,8,900000,23200,40,5,67.9,2.5,59,0,1,1,68.60416667
Dominican Republic,72.34375,143.5,6.4375,5.654375,360.0206934,65.125,23,48.14375,78.3125,4.67625,83.1875,1.1875,3509.499186,3.46875,3.375,0.685,12.74375,7.8125,0.753287247,0.534499203,0.202766503,0.212717745,86.6,0.493774619,0.563157536,0.779975268,3,10075045,48671,47.2,2,90.1,5,15,0,1,1,75.54166667
Ecuador,74.725,132.125,7.375,3.57,109.4060512,78.0625,20.75,43.3125,84.125,5.8,89.1875,0.19375,2005.352468,1.38125,1.26875,0.698875,13.0125,8.75,0.662330994,0.495936015,0.144679736,0.256710205,48.2,0.649921188,0.660213185,0.704007155,3,16545799,276841,49.3,45,91.6,2.6,4.2,0,1,0,83.79166667
Egypt,71.5,170.625,54.3125,0.1775,0,96.6875,495.5,49.2625,96.6875,5.299375,96.6875,0.1,47.5432354,3.125,3.075,0.647625,11.89375,64.5625,0.330513855,0.494284436,0.128055685,0.165081758,123.6,0.331402674,0.500520115,0.523917444,4,91290000,1002450,30.8,1.8,73.9,9,13.4,0,1,1,96.6875
El Salvador,71.74375,155.0625,2.5625,2.525,341.5691573,86.0625,0.125,45.325,87.625,6.946875,89.9375,0.2875,2517.83463,1.80625,1.725,0.6504375,12.65625,2.875,0.580011749,0.443457406,0.103080966,0.170270863,41.6,0.675965313,0.577982218,0.667876532,3,6520675,21041,48.3,1.6,84.5,0.9,6.3,0,1,0,87.875
Estonia,74.94375,169.6875,0,7.33375,480.3824441,67.375,3.5,56.68125,94.25,5.619375,94.125,0.1,6165.686554,2.075,2.1375,0.8233125,15.9375,0,0.660530782,0.66168194,0.109517817,0.3099342,65.8,0.58014184,0.659203912,0.829222762,1,1315944,45227,36,1.5,99,3.4,10.9,0,1,0,85.25
Ethiopia,59.1125,285.5625,55,1.008125,32.48210918,56.625,716.3125,14.8,59.5625,4.8825,59.8125,1.4625,264.97095,8.38125,6.475,0.346125,6.9,66,0.554246614,0.156812139,0.305490677,0.265853387,123.4,0.340858935,0.361566995,0.46606438,8,92206005,1104300,29.8,7,39,8.4,17.5,0,1,1,58.66666667
Finland,80.7125,68.875,0,8.95625,783.9527891,99,2.8125,52.3,97.1875,8.363125,98.25,0.1,8491.26449,0.9,0.80625,0.8729375,17.29375,0,0.858475375,0.725350264,0.259860409,0.721991463,3.6,0.954452319,0.765850599,0.872523932,9,5491817,338424,26.9,0.2,100,1.3,8.6,0,1,2,98.14583333
France,82.21875,73.125,2.9375,11.568125,839.2292934,51.25,400.0625,51.98125,98.25,6.43375,98.0625,0.1,9049.957298,0.625,0.6,0.8705625,15.9,3.4375,0.674572408,0.718484791,0.13929116,0.331953553,27.8,0.752994477,0.803015925,0.801853632,9,66710000,640679,32.7,0.4,99,0.7,9.7,0,1,2,82.52083333
Gabon,62.24375,220.4375,2,7.385625,261.0777786,48.375,81.1875,28.81875,63.5,3.264375,63.6875,1.7,5179.256189,6.91875,6.775,0.654375,12.4125,3,0.431891872,0.589059365,0.059528164,0.14027533,120.4,0.337825055,0.370674599,0.624279832,8,1802278,267668,41.5,5.1,82.3,7,21,0,1,1,58.52083333
Georgia,73.50625,114.9375,1.1875,5.2725,99.52571402,77.25,301.8125,47.74375,83.875,7.16,86.3125,0.1,2158.280869,2.75,2.89375,0.6779375,12.675,1.25,0.486406087,0.456436923,0.061650512,0.48296883,125.6,0.324231659,0.598449953,0.292788921,1,3720400,69700,41.3,5,99.7,3.3,14.9,0,1,1,82.47916667
Germany,81.175,71.25,2.5,10.9025,891.6542996,77.4375,626.5625,51.99375,94.8125,4.10625,92.625,0.1,8544.987861,1.11875,1.10625,0.8945,16.6,3.25,0.771530769,0.745867153,0.347684608,0.480394245,18,0.834515372,0.763134221,0.82696233,9,81770900,357114,28.3,0.5,99,1.6,6,1,0,2,88.29166667
Ghana,60.8625,180.0625,40.3125,1.19,77.24912203,60.0625,405.375,21.725,84.4375,4.345625,82.25,1.45625,834.3761008,7.65,7.575,0.525875,9.5125,59.8125,0.590103948,0.32573559,0.276066873,0.061780497,115,0.363159954,0.318451836,0.463593034,8,27670174,238533,42.8,7.9,71.5,11,11,0,1,1,75.58333333
Greece,81.21875,73.625,0.1875,8.25375,752.4419704,88.9375,24.875,58.68125,94.125,8.76125,96.625,0.1,8235.055665,0.8125,0.73125,0.8423125,15.9375,0.4375,0.118492058,0.644378665,0,0.063970494,89.8,0.484515368,0.766103226,0.642515155,9,10858018,131990,34.3,3.8,97.3,0.8,27.9,0,1,1,93.22916667
Guatemala,71.73125,131.1875,13.125,2.1275,334.027048,87.0625,0,40.44375,79.5625,6.469375,85.5625,0.375,2365.834474,1.3375,1.3375,0.5844375,9.8625,16.125,0.760063707,0.431168048,0.286479888,0.147833262,33.6,0.719227734,0.53968098,0.694323016,3,16176133,108889,55.9,3,71,3.8,4.1,0,1,0,84.0625
Guinea,56.0125,259.875,30.8125,0.155,15.89128295,57.9375,270.375,17.46875,57.25,4.04625,57.3125,1.50625,279.4647979,7.64375,7.625,0.36475,7.18125,48.375,0.486565611,0.146129463,0.296518773,0.192613875,141.6,0.228644589,0.211833329,0.387821738,8,12947000,245857,39.4,3.9,41,15.2,30,0,1,3,57.5
Haiti,60.45,153.9375,17,5.14375,36.12920018,62.875,61.875,39.275,59.625,6.084375,58.6875,1.40625,434.3601282,4.24375,4.25625,0.4620625,8.45,24.8125,0.123298303,0.172582839,0.534952922,0.228436575,139,0.231008653,0.294256114,0.374827229,3,11078033,27750,59.2,3.4,48.7,6.3,40.6,0,1,3,60.39583333
Honduras,72.99375,142,4.625,2.8525,192.1156353,95.0625,0,39.74375,95.375,7.925625,95.625,0.81875,1421.788083,2.4,2.3375,0.590125,10.8875,5.6875,0.547820403,0.350891952,0.265813599,0.13141833,86.2,0.501930656,0.580455649,0.644085764,3,8576532,112492,57,2.8,85.1,5.2,4.5,0,1,0,95.35416667
Hungary,73.825,147.0625,0.5625,10.71375,335.2959269,99,2.0625,56.93125,98.9375,7.570625,99,0.1,7450.132567,1.91875,1.9125,0.8043125,15.11875,0.875,0.318420862,0.643626509,0.106768864,0.054696214,80.2,0.519385331,0.645555382,0.764954147,1,9823000,93028,31.2,0.4,99.1,0.7,10.2027027,1,0,0,98.97916667
Iceland,82.44375,49.375,0,7,872.8072398,99,0,51.075,92.4375,8.299375,92.5,0.1,8551.501879,0.95625,0.9,0.8853125,18.15625,0,0.85363885,0.741152467,0.500103169,0.253927836,3.2,0.949172583,0.804333413,0.908036984,9,334300,103000,31.81621622,1.9,99,3.9,4.5,1,0,2,94.64583333
India,65.41875,146.5625,55,1.82125,33.24262109,27.75,831,14.79375,69.625,4.37375,69.9375,0.25625,837.9200509,14.6,15,0.5495,9.98125,66,0.63748536,0.390596351,0.266937511,0.160303993,126,0.316154444,0.437270397,0.357735109,7,1295210000,3287590,33.4,3.2,62.8,9.6,8.8,0,1,1,55.77083333
Indonesia,67.55625,166.5625,55,0.065,83.76831559,73.5625,831,19.95625,73.1875,2.784375,75.25,0.2,1669.116783,3.41875,3.94375,0.6414375,11.6125,66,0.64386836,0.492295601,0.638192065,0.023386833,84.4,0.504137112,0.491852011,0.68805045,6,258705000,1904569,34,5.35,92.8,7.7,6.6,0,1,0,74
Iraq,70.35625,136.75,31.1875,0.126875,120.6636895,64.875,527.375,48.59375,66.75,4.431875,68.5625,0.1,3004.872384,5.4,5.1625,0.6335,9.90625,38,0.298926943,0.557626273,0.207796939,0.204908682,116.8,0.361583923,0.477530319,0.528047834,4,37883543,438317,30.9,4.2,78.5,2,16,0,1,1,66.72916667
Ireland,80.15,72.4375,0,11.72,934.6029747,61.3125,174.5,53.6875,88.8125,7.533125,88.875,0.1,9432.620225,0.3,0.21875,0.8915,17.65625,0,0.790320536,0.78065112,0.463323199,0.543189344,16.4,0.841489369,0.770317726,0.87898797,9,6378000,70273,34.3,0.6,99,0.6,13.5,1,0,2,79.66666667
Israel,81.3,59.5,0.9375,2.341875,590.2929072,97.4375,132.6875,54.9875,94.25,7.29875,91.75,0.1,7709.804679,1.14375,1.1,0.8731875,15.7125,1,0.576657073,0.696892451,0.381751597,0.219011107,13,0.876516934,0.7911383,0.80408637,4,8527400,20770,39.2,3.3,97,3.9,1.7,0,1,2,94.47916667
Italy,82.1875,54.1875,2,7.750625,739.6569129,95.5,431.6875,56.15,96.125,8.51625,94.75,0.1,7513.122776,0.5125,0.525,0.8580625,15.93125,2.3125,0.336762628,0.701226954,0.205914622,0.050949644,46.2,0.655910169,0.813956941,0.811844681,9,60665551,301336,36,1.8,99,1.2,12.4,1,0,0,95.45833333
Jamaica,74.29375,141.25,1,3.398125,134.2494502,74.3125,0.1875,45.425,92.3125,5.11,92.0625,1.05,2509.54647,1.88125,1.7375,0.709625,12.275,1,0.684999237,0.457490678,0.207992881,0.065299698,65.2,0.584909366,0.604228288,0.785153049,3,2723246,10991,45.5,3.5,87,2.8,4.5,0,1,0,86.22916667
Japan,82.5375,57.125,2.875,6.60125,771.5733599,99,505.3125,25.60625,96,6.355625,96.25,0.1,8641.058428,1.8125,1.54375,0.8765625,14.975,4,0.681598217,0.715078882,0.114038165,0.298675776,52.4,0.63687943,0.8581062,0.807177351,2,126960000,377930,38.1,2,99,0.2,4.1,1,0,0,97.08333333
Jordan,72.9875,114.3125,4,0.485625,273.5995342,97,26.5,53,97.125,8.52,97,0.1,1822.629926,3.8875,3.86875,0.729,13.2375,4,0.56250308,0.486295256,0.158773459,0.239061902,85.4,0.489873907,0.590376873,0.686760206,4,9531712,89342,35.4,2.5,92.6,6.4,12.3,0,1,1,97.04166667
Kazakhstan,66.7625,232.0625,7.125,6.226875,203.0309086,97.3125,205.6875,45.15625,97.5,4.055625,96.4375,0.1,3942.255137,2.4375,2.54375,0.7450625,14.025,8.0625,0.614128255,0.636373258,0.182404743,0.192836834,57.6,0.619661135,0.558033576,0.789077739,1,17753200,2724900,29,5,99.7,5.8,5.3,0,1,0,97.08333333
Kenya,57.48125,348.5625,54.9375,1.5025,61.65546434,75.75,472.1875,15.5625,78.4375,4.664375,78.875,1.7,716.7700679,8.4,8.2875,0.497125,9.96875,66,0.612064576,0.262230538,0.467156265,0.107949238,120.8,0.346020477,0.361228457,0.591254346,8,47251000,580367,47.7,5.1,87.4,5.8,40,0,1,1,77.6875
Kuwait,73.84375,83.25,0.5,0.020625,832.9089794,98.1875,15.375,59.60625,98.1875,2.92125,98.5,0.1,9586.863184,3.28125,3.15625,0.7895,13.725,1,0.6988916,0.831564584,0.205046,0.330104383,43,0.680772257,0.609240264,0.720586222,4,4183658,17818,36.7,8.2,93.3,5.6,2.2,0,1,0,98.29166667
Kyrgyzstan,69.08125,173.6875,3.75,2.12625,0,85.5625,97.375,35.1125,95.875,6.02375,96.5625,0.1125,47.5432354,3.35625,3.4125,0.6220625,12.3375,4.125,0.646362815,0.289928354,0.404307502,0.067902078,87.6,0.488652482,0.539145977,0.772959683,1,6047800,199951,36.2,7.4,99.2,6.8,8.6,0,1,1,92.66666667
Latvia,73.73125,161.8125,0,8.310625,477.0464588,88.9375,3.3125,51.30625,95.0625,6.223125,95,0.1,6966.589126,2.40625,2.43125,0.7925,15.56875,0,0.422480086,0.633617419,0.161509329,0.129029272,63.4,0.587706846,0.61094776,0.774888679,1,1961600,64559,36.6,4,99,0.2,9.8,1,0,0,93
Lebanon,74.2,65.3125,1,1.674375,333.0479451,70.5,229.25,55.3375,74,6.54125,76.125,0.1,4696.192379,4.76875,4.71875,0.4696875,13.74375,1,0.444462979,0.553282281,0.262487378,0.10035833,91,0.483963739,0.689966885,0.605167183,4,5988000,10452,36.7,1.5,89.6,5,9.2,0,1,1,73.54166667
Lesotho,48.925,427,4.5,1.956875,82.1189129,62.6875,163.125,25.2375,78.6875,7.40875,84.9375,1.7,794.5230103,7.1875,7.06875,0.4568125,10.65625,6.3125,0.514617161,0.248223396,0.162389156,0.203445598,130.25,0.273049639,0.070797546,0.701813441,8,1894194,30355,52.5,4.1,89.6,5,25,0,1,1,75.4375
Liberia,57.525,246.9375,10.6875,3.055,25.27170668,56.5625,249.5625,19.9875,62.9375,6.509375,59.8125,1.51875,246.281748,7.8375,7.7625,0.3894375,9.86875,14.75,0.459853918,0.047713276,0.28393632,0.077109764,140.8,0.22580771,0.265307309,0.479966902,8,4615000,111369,38.2,8.1,60.8,5.2,85,0,1,3,59.77083333
Libya,72.4875,139.6875,2.1875,0.01,180.0749891,96.3125,234.875,54.8375,96.5,3.7825,96.5,0.1,3262.236559,5.6,5.43125,0.7408125,14.79375,2.5,0.608047854,0.569727476,0.180149395,0.219684445,68,0.572104016,0.521123404,0.739652595,4,6385000,1759540,39.8,5.1,89.5,3.2,30,0,1,0,96.4375
Lithuania,72.80625,117.25,0,11.53,674.2068568,94.75,14.9375,49.23125,91.5,6.425625,94.25,0.1,7427.199456,2.9375,2.96875,0.8066875,16.1,0,0.353022593,0.659196648,0.030027058,0.032025382,52,0.637667447,0.620678342,0.831761084,1,2872294,65300,37.6,3.4,99,1.2,12.4,1,0,0,93.5
Luxembourg,80.78125,67.5625,0,11.1775,949.2384241,92.375,1.125,47.825,98.0625,7.363125,98.9375,0.1,9443.219391,0.95,0.9125,0.878125,13.6375,0,0.806397207,0.875403441,0.293346239,0.611369399,17.2,0.835894399,0.791840402,0.817056407,9,576200,2586,30.8,0.5,100,0.7,10.2027027,1,0,2,96.45833333
Madagascar,62.74375,228.8125,34.9375,0.769375,43.25315657,61.8125,260.9375,14.76875,68.375,4.70375,69.9375,0.525,314.0413296,7.86875,7.78125,0.4566875,9.33125,51,0.244993582,0.142143797,0.230638629,0.113617066,145,0.207328595,0.380459826,0.470338245,8,22434363,587041,44.1,2.6,64.5,8.8,30,0,1,3,66.70833333
Malawi,50.375,363.75,37.125,0.8625,25.84970646,86.375,174.0625,16.78125,89.0625,6.470625,86.375,1.7,237.504042,7.11875,6.9875,0.410625,10.23125,55.9375,0.631423938,0.076286629,0.323629797,0.140284341,139.2,0.234436554,0.286651987,0.264222486,8,16832910,118484,39,4.3,74.8,18.4,30,0,1,3,87.27083333
Malaysia,73.75625,118.5625,3.3125,0.460625,248.8850281,96,549.4375,29.16875,96.375,3.801875,96.4375,0.1,4904.938992,8.6125,8.40625,0.749125,12.5625,4.125,0.604092537,0.646740045,0.413590334,0.124810461,53,0.632584711,0.607078778,0.689066428,6,31405416,330803,46.2,4.7,93.1,2.2,3.1,0,1,0,96.27083333
Mali,54.9375,202.125,54.25,0.41125,48.98117698,69.375,362.3125,17.2125,68.125,6.4025,67.875,1.625,530.5121701,7.075,6.35,0.3651875,6.48125,66,0.459840813,0.192952063,0.208567021,0.171390352,129.2,0.300630409,0.175050951,0.67129725,8,18135000,1240192,33,4.8,33.4,0.1,30,0,1,1,68.45833333
Malta,80.3625,60.75,0,6.685,609.5171918,82.125,2.1875,66.18125,89.4375,8.346875,89.3125,0.1,6602.719702,0.75,0.7125,0.8111875,14.30625,0,0.815292003,0.687258686,0.574082299,0.274488981,27.6,0.756698182,0.77043019,0.843580495,9,425384,316,31.81621622,2.4,92.4,1,6.4,1,0,2,86.95833333
Mauritania,62.8,159.9375,7.8125,0.013125,31.70314712,52.75,311.6875,22.475,68.5625,3.976875,68.75,1.1875,635.049609,6.48125,6.81875,0.4730625,7.31875,11.9375,0.182380675,0.30398647,0.21184974,0.243560365,125,0.32742315,0.299996368,0.656268957,8,3718678,1030700,40.5,6.4,58.6,4.6,30,0,1,1,63.35416667
Mauritius,72.7125,163.5625,0,2.725625,422.2395243,96.1875,54.3125,25.98125,96.5,4.529375,96.3125,0.10625,5299.579824,7.46875,7.4125,0.722625,13.53125,0,0.716949538,0.593417507,0.37416304,0.101256203,62.6,0.593695825,0.611989038,0.698384549,8,1262879,2040,39.8,3.5,88.8,3.5,8.3,0,1,0,96.33333333
Mexico,75.71875,111.0625,39.625,4.795,462.8597455,94.4375,11,51.41875,95.0625,5.981875,95,0.1,5179.330807,1.73125,1.66875,0.728875,12.325,46.5,0.603212709,0.576962028,0.124590361,0.25273835,21.4,0.794365642,0.676222436,0.658755737,3,122273473,1964375,47,1.25,93.5,4,4.9,0,1,2,94.83333333
Mongolia,65.8875,222.125,1.5625,2.2075,126.378364,97.4375,214.125,39.79375,97.5625,5.144375,97.375,0.1,1984.688023,2.28125,2.3875,0.6620625,12.66875,1.9375,0.52544861,0.503104788,0.358954495,0.058854628,95.6,0.460244276,0.518344169,0.843241026,2,3093100,1564110,36.5,11.8,97.4,8.2,9,0,1,1,97.45833333
Montenegro,74.5,92.75,0,2.4303125,455.049824,33.6875,0.625,50.4875,74.875,7.243125,75.4375,0.1,4676.514277,2.1375,2.1875,0.58375,11.94375,0,0.272016314,0.560400383,0.187148137,0.188198871,81.4,0.512017329,0.635934211,0.672223418,1,621810,13812,30,1.5,98.5,4,19.1,0,1,0,61.33333333
Morocco,72.15625,95.1875,21.375,0.486875,102.9896583,87.25,608.125,48.61875,96.9375,5.39,97.1875,0.1,1936.391438,6.45625,6.3125,0.5855,10.2875,24.875,0.541306169,0.431212162,0.049270033,0.147583187,88,0.488416073,0.570194683,0.411285211,4,33337529,446550,40.9,5.1,68.5,2,9.9,0,1,1,93.79166667
Mozambique,53.39375,226.25,55,1.1875,37.03415152,65.1875,421.8125,16.14375,71.75,5.886875,72.5625,1.7,365.0682381,3.80625,3.71875,0.3608125,7.9875,66,0.637486565,0.096135189,0.282766436,0.286036847,113.25,0.375886525,0.16673191,0.575571931,8,26423700,801590,45.7,7,56.1,4.4,17,0,1,1,69.83333333
Myanmar,64.2,154.3125,50.5,0.33,12.82456364,54.6875,589.8125,17.125,78.75,2.174375,77.875,0.475,616.1843573,13.13125,13.425,0.48825,8.325,62.5625,0.686901115,0.253512299,0.86332714,0.337586275,124.6,0.332939315,0.396631476,0.594537219,6,51419420,676578,36.7,6.8,92.7,5.7,5.2,0,1,1,70.4375
Namibia,60.4,308.5,2.875,4.416875,359.9300794,84.25,334.8125,28.225,81.25,7.22375,83.5,1.7,3042.603507,10.5875,10.625,0.5883125,11.55,3.8125,0.665208407,0.487808863,0.082356499,0.143649767,114,0.367218267,0.334807584,0.668505293,8,2324388,825615,63.9,4,88.8,5.8,51.2,0,1,1,83
Nepal,66.48125,147.25,29.125,0.17875,40.16206428,53.5,750.8125,15.175,77.25,5.80875,79.25,0.15625,395.3284679,14.6,15,0.494375,10.43125,38.125,0.596200538,0.230606132,0.402268494,0.133762949,105.6,0.417533478,0.488974721,0.631966333,7,28431500,147181,32.8,3.6,57.4,9.5,46,0,1,1,70
Netherlands,81.13125,61.625,1,8.294375,944.5247108,16.4375,127.625,53.96875,96.8125,6.9825,96.8125,0.1,9820.391864,1.025,0.9625,0.89975,17.05625,1,0.814434941,0.754243537,0.495361258,0.541056268,6.2,0.928211183,0.769999321,0.82095246,9,17019800,41850,30.9,0.8,99,2.5,8.3,1,0,2,70.02083333
New Zealand,81.3375,71.5,0,9.16625,792.8802742,70.1875,94.9375,56.625,89.125,8.60875,81.625,0.1,7099.654421,0.3125,0.3,0.8911875,18.6,0,0.853290644,0.704262014,0.516427458,0.724783643,8.2,0.910165488,0.781435531,0.875747582,0,4697854,270467,36.2,2.5,99,1.3,6.43,1,0,2,80.3125
Nicaragua,73.45,162.375,3.0625,3.3725,183.6629076,91.875,0,42.68125,90.9375,6.5975,91.875,0.225,957.9039711,1.96875,1.875,0.6035,11.1125,3.6875,0.671304377,0.362032427,0.306787333,0.268803965,46.8,0.656895192,0.628109721,0.726066388,3,6262703,130373,40.5,4.6,78,5.7,7.2,0,1,0,91.5625
Niger,56.98125,232.4375,52.25,0.08625,19.09936861,66.4375,679.1875,16.3625,59.125,6.45375,60.3125,1.1625,259.782441,9.025,8.9125,0.298125,4.99375,66,0.532869806,0.067675534,0.237507062,0.241968055,133.8,0.278092971,0.247886943,0.488074818,8,20715000,1267000,34.6,5.165909091,19.1,6.1,30,0,1,1,61.95833333
Nigeria,51.35625,248.5,55,8.106875,85.44427533,35.125,823.0625,19.75,53.125,3.76625,53.6875,1.7,1360.139877,10.41875,10.36875,0.367375,9,66,0.526196841,0.382224913,0.274788527,0.061575824,90.4,0.479590216,0.098346316,0.614120497,8,186988000,923768,48.8,6.2,61.3,8.7,23.9,0,1,1,47.3125
Norway,81.79375,66.25,0,6.234375,755.880832,99,6.3125,50.8125,93.0625,8.805625,90.6875,0.1,7225.168758,0.7625,0.7,0.9314375,17.46875,0,0.881282483,0.812170465,0.392554824,0.623200824,2.8,0.955082749,0.76541043,0.870483401,9,5223256,323802,25.8,1.6,100,1.9,3.6,1,0,2,94.25
Oman,74.84375,67.75,1,0.501875,382.586984,98.8125,10.875,44.78125,98.5,2.984375,98.75,0.1,5554.336861,7.025,6.825,0.7155,12.225,1,0.873950276,0.727033861,0.257041385,0.58929898,22,0.819542944,0.668501315,0.658041363,4,4420133,309500,36.7,5.1,86.9,1.6,15,0,1,2,98.6875
Pakistan,64.5,154,55,0.025,26.1203906,66.5,803.1875,18.3125,69.8125,3.01,70.875,0.1,666.1110516,10.8,11.075,0.500875,6.71875,66,0.317529078,0.357016761,0.334100349,0.209740018,79,0.522261618,0.399433441,0.370334634,7,194125062,881912,30,3.6,54.9,7.7,6.6,0,1,0,69.0625
Panama,76.4875,115.875,1.125,5.824375,475.1242524,79.875,0.25,49.3125,87.4375,7.526875,85.625,0.125,5183.913295,2.08125,2.01875,0.74825,12.775,1.6875,0.744308518,0.613795568,0.222103454,0.13223675,27.6,0.757486211,0.680125528,0.783553838,3,3814672,75417,51.9,7.5,94.1,4.1,4.5,0,1,2,84.3125
Paraguay,73.1125,139.9375,3.1875,5.1825,229.7906944,82.875,0,39.525,83.375,6.6425,89.625,0.1375,1983.404335,2.2,2.11875,0.6561875,12.16875,3.6875,0.698852981,0.457151566,0.278139888,0.145475137,64,0.585815598,0.563572427,0.841869207,3,6854536,406752,52.4,12,93.9,2.3,6.6,0,1,0,85.29166667
Peru,73.6625,122.4375,11.8125,4.011875,417.0786996,80.1875,0.375,44.86875,85.5,4.90625,86.5,0.29375,2928.543542,1.21875,1.21875,0.70325,13.30625,15.125,0.614636154,0.515878104,0.142447776,0.080034457,63,0.597990544,0.616700458,0.672616835,3,31488700,1285216,48.1,3.5,94.2,2.8,4.5,0,1,0,84.0625
Philippines,67.575,217.9375,54.75,4.229375,89.55657083,62.125,672.375,19.1875,80.875,3.94875,82.0625,0.1,1397.136107,1,9.69375,0.6504375,11.54375,66,0.817736098,0.42305557,0.214100946,0.199920963,76.8,0.530811649,0.471430159,0.702292892,6,103279800,342353,43,6.8,95.4,2.8,7.4,0,1,0,75.02083333
Poland,75.65,107.5625,2.25,9.374375,296.8417894,97.375,47.4375,53.73125,96.75,6.268125,98.75,0.1,6122.051852,2.20625,2.3625,0.8131875,15.25,2.6875,0.699575169,0.646279532,0.165972218,0.097997067,49,0.647714733,0.672057029,0.809980775,1,38437239,312679,34.1,1.3,99.7,1,10.3,1,0,0,97.625
Portugal,79.99375,58.875,0.1875,11.40125,713.5004798,87.625,7.25,43.63125,96.5,7.743125,97,0.1,7214.723609,0.71875,0.5375,0.805,15.9375,0.375,0.699012514,0.658570482,0.107675954,0.030388814,82.8,0.514499605,0.762079499,0.767647569,9,10374822,92090,38.5,0.4,95.4,0.7,10.2027027,1,0,0,93.70833333
Qatar,77.03125,75.375,0,1.014375,693.9849316,95.0625,96.25,65.65,95.875,2.72625,92.5,0.1,8411.757408,4.95625,4.5875,0.828375,12.85,0,0.834342813,0.932073509,0.347482884,0.644985326,32,0.734594165,0.673734985,0.711500837,4,2587564,11586,41.1,5.5,96.3,3.1,0.3,0,1,0,94.47916667
Romania,74.05,156.0625,2.8125,8.40875,416.9314997,91.8125,310.5625,52.25,94.75,5.235625,95,0.1,4258.940054,3.16875,3.50625,0.762625,13.925,3.25,0.598012084,0.610320571,0.136238358,0.008576725,62.8,0.592080364,0.645237215,0.634428381,1,19861408,238391,30,0.4,99,0.7,10.2027027,1,0,0,93.85416667
Rwanda,59.3125,246.8125,20.75,5.284375,20.19135344,95,289.0625,14.75,91.1875,6.24125,92.125,1.375,300.0180171,6.63125,6.65625,0.4176875,9.2875,32.0625,0.803329794,0.172152601,0.270036885,0.857871759,152,0.146887298,0.365944752,0.479594528,8,11553188,26338,50.8,7.5,71.1,5.9,30,0,1,3,92.77083333
Saudi Arabia,73.46875,52.125,8.625,0.070625,674.9549548,96.8125,410.8125,55.3125,96.8125,3.966875,96.875,0.1,7753.356415,7.35625,7.36875,0.782625,13.2875,10,0.576594081,0.769477825,0.147300873,0.419543859,33.4,0.725571306,0.583885772,0.718600681,4,32248200,2149690,36.7,3.6,87.2,3.7,10.5,0,1,0,96.83333333
Senegal,62.56875,174.1875,22.3125,0.290625,21.48642622,78.3125,300.3125,18.44375,78.6875,4.916875,81.375,0.53125,274.6111661,8.09375,7.9875,0.4325625,7.125,36.625,0.484586262,0.231608805,0.208556209,0.17879743,121,0.335106367,0.394975084,0.630297069,8,14799859,196722,39.2,4,49.7,0.8,48,0,1,1,79.45833333
Serbia,73.95625,130.4375,1,8.140625,464.744738,90.3125,73.8125,52.1375,94.625,6.09875,93.3125,0.1,3674.542408,2.39375,2.425,0.7416875,13.53125,1.0625,0.314078875,0.534884472,0.212583769,0.069744625,78.8,0.521315989,0.628211161,0.709625279,1,7076372,88361,27.8,2,98,2.2,20.1,0,1,0,92.75
Sierra Leone,47.51875,340.5625,27.5625,2.958125,29.10557859,74.5,410.6875,18.30625,73,8.61125,73.625,1.375,271.5055613,7.68125,7.1,0.3618125,8.23125,41.875,0.469046323,0.169717773,0.295174218,0.122815378,116.4,0.367651689,0.043394348,0.513606575,8,7075641,71740,42.5,13.3,43.3,11.1,30,0,1,1,73.70833333
Singapore,81.475,62,0,1.7625,804.0248616,95.875,85.75,25.90625,96.125,3.745,96.1875,0.1,9781.581606,2.125,2.06875,0.866875,13.98125,0,0.764381373,0.851061972,0.361799526,0.846615493,28,0.758431833,0.888857563,0.748831431,6,5535000,710,48.1,4.1,95.9,5.2,1.9,1,0,2,96.0625
Slovakia,74.75,118.0625,0,9.819375,0,98.5625,0.25,51.81875,98.4375,7.2025,98.625,0.1,47.5432354,1.34375,1.425,0.8033125,14.35,0.125,0.424098747,0.666041034,0.162955428,0.042032524,41.4,0.672852637,0.677024174,0.839261465,1,5426252,49037,26,0.8,99.6,1.7,14.4,1,0,0,98.54166667
Slovenia,79.73125,76.4375,0,10.083125,631.3764341,99,6.0625,52.2,95.1875,8.589375,95,0.1,6484.707846,1.76875,1.79375,0.8604375,16.475,0,0.803802709,0.673804956,0.252318442,0.082386251,55,0.629432614,0.74753869,0.828649492,1,2064188,20273,31.2,1.1,99.7,1.8,13.1,1,0,0,96.39583333
Somalia,53.31875,316.75,49.875,0.01,0,42,631.6875,18.6875,52,4.6,53,0.8375,94.40513097,7.26875,7.08125,0,12.9,66,0.829733065,0.003025925,0.311690812,0.519201647,94.75,0.466361301,0.134016025,0.375194853,8,11079000,637657,39.8,2.6,37.8,6.1,30,0,1,1,49
South Africa,57.5,398.375,48.6875,7.115,615.5944719,66.5,389.1875,38.15,70.9375,8.074375,73.0625,1.7,4869.427044,9.01875,10.425,0.6290625,12.89375,62.125,0.591476999,0.523780048,0.150022912,0.129187548,108.2,0.390504325,0.254000012,0.765328301,8,55653654,1221037,63.1,5.165909091,93,6.1,30,0,1,1,70.16666667
South Sudan,53.875,346.3125,27.75,0.01,8.241076938,31,216.1875,58.5,63.25,2.873125,59.375,1.7,1385.472746,1,0.9,0.1316875,4.9,43.25,0.160801946,0.191657971,0.289550646,0.201094161,150,0.135835294,0.173815952,0.299500171,8,12131000,619745,45.5,5.165909091,27,6.1,30,0,1,3,51.20833333
Spain,82.06875,63.625,1.625,9.398125,743.0971301,92.5,240.875,58.66875,96.75,8.290625,96.75,0.1,7927.928082,0.6,0.5,0.8505625,16.35625,1.875,0.567608075,0.694265232,0.2014267,0.126565598,34.6,0.720724971,0.832697739,0.851256801,9,46438422,505992,34.7,1.3,97.7,1.8,26.3,1,0,0,95.33333333
Sri Lanka,73.4,144.375,4,1.965625,59.75360089,79.625,260.1875,17.275,98.375,3.823125,98.4375,0.1,1040.11019,14.6,15,0.7251875,13.21875,4.75,0.735260568,0.500893317,0.458174553,0.123963677,123,0.334830567,0.60583012,0.694143113,7,20966000,65610,40.3,6.3,91.2,4.7,5.1,0,1,1,92.14583333
Sudan,61.825,240.3125,55,1.3675,97.69844267,56.625,651.125,58.5,77.8125,5.626875,78.0625,0.25,1192.797953,1,0.9,0.441,6.375,66,0.045513072,0.32289943,0.205144921,0.189721839,129.5,0.305112279,0.278109295,0.651966023,8,39598700,1886068,35.3,3.9,71.9,25,20,0,1,1,70.83333333
Suriname,70.08125,166,0,4.673125,496.5819514,84.5625,0,50.15625,81.0625,6.53375,82.5625,0.75625,4781.216822,3.5125,3.45625,0.4810625,11.825,0,0.772727901,0.559182803,0.200793447,0.238489971,40,0.704491721,0.489715162,0.532439173,3,541638,163820,52.9,4.7,94.7,4.2,9,0,1,0,82.72916667
Swaziland,51.325,309.0625,2.625,4.185,278.0997131,76,49.125,25.5,89,7.139375,86.5,1.7,2165.090838,6.475,6.63125,0.5156875,10.35,3.6875,0.42788674,0.407068617,0.153082929,0.150024461,118,0.363770676,0.033155127,0.675742092,8,1132657,17364,51.5,5.165909091,88.8,6.1,30,0,1,1,83.83333333
Sweden,82.51875,59.1875,0,6.494375,936.996197,47.375,18.9375,56.25,98.3125,9.551875,98.3125,0.1,9019.840733,1.35,1.30625,0.893125,15.86875,0,0.853012182,0.750484929,0.40152944,0.720229287,8.6,0.911386914,0.787897486,0.832466201,9,9894888,450295,25,0.9,99,0,8.1,1,0,2,81.33333333
Switzerland,82.33125,55.75,0,9.6925,995.640381,99,303.625,51.4375,95.375,5.98875,94.5625,0.1,10682.78591,0.5375,0.39375,0.9110625,15.39375,0,0.857240491,0.786931213,0.331034576,0.688089466,3.6,0.949251377,0.813600577,0.8621243,9,8341600,41284,33.7,2,99,0.4,3.2,1,0,2,96.3125
Tajikistan,66.65625,177.5625,10.6875,0.310625,17.27719246,78.75,120.125,33.1125,88.3125,5.5825,89.25,0.25625,335.8417252,3.80625,3.85,0.5838125,10.68125,12.75,0.568731135,0.253429241,0.275802863,0.221118351,92.8,0.473758853,0.51712798,0.626169498,1,8593600,143100,30.8,7.4,99.7,3.7,2.5,0,1,1,85.4375
Thailand,73.08125,160.375,12.125,5.74875,401.2599634,97,736.75,21.59375,98.3125,3.81,98.1875,0.3875,3494.781702,8.54375,8.7,0.6946875,12.55,14.125,0.780765396,0.561274863,0.58667366,0.05392645,39.4,0.70795901,0.62574742,0.798248474,6,65327652,513120,40,2.9,93.5,2.2,0.7,0,1,0,97.83333333
Togo,56.6625,311.3125,14.1875,0.88875,23.70560409,50.3125,298.1875,17.99375,72.75,5.203125,77.3125,1.6,317.2040921,7.86875,7.7375,0.4459375,10.65,21.4375,0.502413298,0.142118783,0.208543623,0.182944689,148.2,0.167691078,0.252873895,0.19681661,8,7143000,56785,34.4,5.5,60.4,2.2,30,0,1,3,66.79166667
Trinidad and Tobago,71.06875,163.375,0,5.6675,424.5046528,48.6875,0,37.73125,84.5,5.161875,80.25,0.60625,5326.131177,6.1375,6.50625,0.753375,12.33125,0.25,0.719153197,0.694707686,0.383054928,0.019794783,40.66666667,0.684594178,0.485215686,0.719679343,3,1349667,5130,40.3,1.6,98.8,5.4,5.9,0,1,0,71.14583333
Tunisia,74.35625,18.75,3.25,1.229375,366.7412605,96.75,33.1875,48.25625,97.6875,5.961875,97.6875,0.1,3044.081488,6.40625,6.3375,0.692625,14.05625,3.6875,0.338643837,0.501039317,0.060224517,0.126833414,108.4,0.400985012,0.605067844,0.463539107,4,11154400,163610,41.4,2.8,79.1,6.1,17.2,0,1,1,97.375
Turkey,73.9125,98.375,26.9375,1.333125,241.0318352,87.0625,452,56.4125,86.1875,5.554375,86.25,0.1,3837.74082,5.0125,4.85,0.7033125,12.675,32.25,0.355464254,0.615274742,0.096719975,0.215836488,75.2,0.53632781,0.615338406,0.717912795,4,78741053,783562,39,3.8,94.1,7.6,9.3,0,1,0,86.5
Turkmenistan,64.61875,214.8125,6.5625,2.489375,187.7819876,97.125,15.125,38.11875,95.5625,2.939375,96.375,0.1,2511.61154,3.3375,3.3625,0.211625,10.1375,8.0625,0.574434235,0.559922261,0.259734458,0.332438383,69.8,0.569188332,0.454100978,0.830778487,1,4751120,488100,40.8,12.2,99.6,9,60,0,1,0,96.35416667
Uganda,55.70625,281.875,55,7.548125,47.69210835,59.125,682.9375,15.525,68.25,8.295625,67.75,1.7,421.0484963,6.2625,6.25625,0.4453125,10.59375,66,0.591985071,0.170373097,0.333728076,0.114206925,138,0.261465704,0.251094234,0.648616513,8,33860700,241550,44.3,5.6,73.2,6.2,30,0,1,1,65.04166667
Ukraine,69.9375,205.75,5.0625,6.909375,169.4273302,54.625,461.4375,50.89375,81.9375,6.64125,79.5625,0.5375,1577.293329,2.575,2.675,0.7165625,14.60625,5.9375,0.233092479,0.446832223,0.238747432,0.033313211,127.4,0.318006301,0.558121639,0.780346419,1,42692393,603700,26.4,0.4,99.7,0.7,8,0,1,1,72.04166667
United Arab Emirates,75.7,67.0625,1,1.64125,673.1897303,93.875,75.625,53.80625,95.0625,3.134375,94.625,0.1,7455.061599,5.18125,4.96875,0.8195625,12.8125,1,0.832204858,0.819201118,0.343982258,0.565277656,22.5,0.796641041,0.677252024,0.695453198,4,9856000,83600,36.7,4,90,1.3,2.4,0,1,2,94.52083333
Uruguay,76.075,119.9375,0.5625,5.7875,454.1915071,94.3125,0,52.925,94.25,8.490625,91.875,0.1,5997.088916,1.6,1.54375,0.765625,15.23125,0.75,0.794169131,0.607001693,0.201666144,0.341570862,30.6,0.736446016,0.686178234,0.800067867,3,3480222,181034,39.7,3.5,98.1,8.3,6.5,0,1,0,93.47916667
Uzbekistan,68.03125,184.8125,21.9375,1.50875,44.37345026,91.4375,206.4375,34.80625,98.5625,5.573125,98.4375,0.20625,651.0923589,3.14375,3.175,0.603,11.64375,25.6875,0.906060404,0.38687807,0.390803528,0.484542126,45,0.660598899,0.518601688,0.872323498,1,31576400,447400,36.7,7,99.4,10.1,4.9,0,1,0,96.14583333
Yemen,63.8625,211.8125,39.375,0.045,0,55.6875,540.3125,33.4875,69.875,4.98,72.625,0.1,47.5432354,13.83125,13.75,0.4755,8.50625,51.625,0.337257934,0.261557443,0.115656741,0.121479017,146.4,0.18376673,0.320280616,0.526428497,4,27478000,527968,37.7,3.8,65.3,11.8,35,0,1,3,66.0625
Zambia,54.0875,313.1875,33.4375,2.1,89.65040685,73.625,444.375,17.45,75.3125,5.7475,79.8125,1.7,811.8118405,6.88125,6.7625,0.4984375,11.2125,51.75,0.638257871,0.305629593,0.260632983,0.176363375,114,0.372616221,0.265347221,0.567142007,8,15933883,752612,54.6,6,61.4,7.1,15,0,1,1,76.25
Zimbabwe,50.78125,359.375,26.5625,4.2025,20.36427146,70.5625,316.375,25.1375,78.4375,6.06125,78.0625,1.7,410.9801938,7.0125,6.9875,0.439125,9.825,40.8125,0.44648735,0.183909353,0.202140222,0.163064768,134.8,0.258786435,0.240493208,0.612972738,8,14240168,390757,39.8,5.165909091,88.8,6.1,30,0,1,1,75.6875
